{"cameraMode":{"drawMode":0,"name":"Shaded","section":"Shading Mode"},"sceneLighting":false,"audioPlay":false,"sceneViewState":{"m_AlwaysRefresh":true,"showFog":true,"showSkybox":false,"showFlares":true,"showImageEffects":true,"showParticleSystems":true,"showVisualEffectGraphs":true,"m_FxEnabled":true},"in2DMode":false,"pivot":{"x":0.6370517611503601,"y":0.07602834701538086,"z":0.3451032042503357},"rotation":{"x":-0.40631625056266787,"y":0.26160866022109988,"z":-0.12264331430196762,"w":-0.8668835759162903},"size":0.769637942314148,"orthographic":false}