{"cameraMode":{"drawMode":0,"name":"Shaded","section":"Shading Mode"},"sceneLighting":true,"audioPlay":false,"sceneViewState":{"m_AlwaysRefresh":true,"showFog":true,"showSkybox":true,"showFlares":true,"showImageEffects":true,"showParticleSystems":true,"showVisualEffectGraphs":true,"m_FxEnabled":true},"in2DMode":false,"pivot":{"x":-0.4643087387084961,"y":0.06491780281066895,"z":0.5917713642120361},"rotation":{"x":-0.27068862318992617,"y":0.715405285358429,"z":-0.36459043622016909,"w":-0.5311905741691589},"size":2.145094156265259,"orthographic":false}