{"cameraMode":{"drawMode":0,"name":"Shaded","section":"Shading Mode"},"sceneLighting":false,"audioPlay":false,"sceneViewState":{"m_AlwaysRefresh":true,"showFog":true,"showSkybox":false,"showFlares":true,"showImageEffects":true,"showParticleSystems":true,"showVisualEffectGraphs":true,"m_FxEnabled":true},"in2DMode":false,"pivot":{"x":-0.02364947274327278,"y":-0.19812212884426118,"z":0.09845758974552155},"rotation":{"x":-0.24903057515621186,"y":0.1609373539686203,"z":-0.04210010543465614,"w":-0.9541800618171692},"size":1.195036768913269,"orthographic":false}