{"cameraMode":{"drawMode":0,"name":"Shaded","section":"Shading Mode"},"sceneLighting":false,"audioPlay":false,"sceneViewState":{"m_AlwaysRefresh":true,"showFog":true,"showSkybox":false,"showFlares":true,"showImageEffects":true,"showParticleSystems":true,"showVisualEffectGraphs":true,"m_FxEnabled":true},"in2DMode":false,"pivot":{"x":0.26156145334243777,"y":0.10378921031951904,"z":0.26178014278411868},"rotation":{"x":-0.3325871229171753,"y":0.2789011299610138,"z":-0.10364044457674027,"w":-0.8949453830718994},"size":0.8991528153419495,"orthographic":false}